id,first_name,last_name,email,gender,height
1,Emmie,Verman,everman0@china.com.cn,Female,165
2,Breanne,Edgell,bedgell1@cpanel.net,Female,167
3,Bill,Rome,brome2@360.cn,Male,200
4,Harley,Colthurst,hcolthurst3@phoca.cz,Female,177
5,Mortimer,Castagno,mcastagno4@gizmodo.com,Male,157
6,Marji,Ecclestone,mecclestone5@nps.gov,Female,167
7,Hildegarde,Kleinberer,hkleinberer6@feedburner.com,Female,167
8,Jemmy,Jirick,jjirick7@hugedomains.com,Female,165
9,Toby,Scolts,tscolts8@miibeian.gov.cn,Female,161
10,Noella,Boich,nboich9@mapy.cz,Female,157
11,Gawain,Legg,glegga@usnews.com,Male,159
12,Bethena,Hanvey,bhanveyb@reddit.com,Female,186
13,Cherilynn,Barkly,cbarklyc@nationalgeographic.com,Female,165
14,Penn,Knevett,pknevettd@chron.com,Male,163
15,Lyn,Haresnaip,lharesnaipe@google.pl,Male,153
16,Penrod,Ghelardoni,pghelardonif@aboutads.info,Male,175
17,Ranna,Ottee,rotteeg@spiegel.de,Female,185
18,Gerik,Fallawe,gfallaweh@diigo.com,Male,177
19,Beltran,Rodgman,brodgmani@imgur.com,Male,153
20,Karrie,Hampshaw,khampshawj@gnu.org,Female,191
21,Charleen,MacCracken,cmaccrackenk@163.com,Female,170
22,Ole,Halmkin,ohalmkinl@biglobe.ne.jp,Male,174
23,Dael,Jochens,djochensm@nydailynews.com,Female,195
24,Frasco,Openshaw,fopenshawn@discovery.com,Male,169
25,Braden,Celez,bcelezo@wikipedia.org,Male,156
26,Jennifer,Jerzykiewicz,jjerzykiewiczp@go.com,Female,165
27,Trudey,Pessold,tpessoldq@nationalgeographic.com,Female,165
28,Ophelie,McMeekan,omcmeekanr@mediafire.com,Female,165
29,Monte,Kingston,mkingstons@tumblr.com,Male,196
30,Darsie,Adolfson,dadolfsont@surveymonkey.com,Female,154
31,Laetitia,Folger,lfolgeru@nih.gov,Female,154
32,Munroe,Anthony,manthonyv@naver.com,Male,190
33,Dov,Cluckie,dcluckiew@oaic.gov.au,Male,197
34,Alfonse,Dotterill,adotterillx@mozilla.com,Male,154
35,Cole,Levecque,clevecquey@unesco.org,Male,151
36,Ema,Del Monte,edelmontez@vk.com,Female,158
37,Lew,Gemmell,lgemmell10@bigcartel.com,Male,150
38,Mariquilla,Minto,mminto11@home.pl,Female,155
39,Estel,Huston,ehuston12@china.com.cn,Female,177
40,Marita,Hattiff,mhattiff13@samsung.com,Female,195
41,Clara,Hoffner,choffner14@com.com,Female,165
42,Leo,Nicol,lnicol15@themeforest.net,Male,174
43,Nataniel,Frake,nfrake16@diigo.com,Male,195
44,Isahella,Crimp,icrimp17@globo.com,Female,155
45,Berty,Stagge,bstagge18@scribd.com,Female,181
46,Gail,Fairhead,gfairhead19@senate.gov,Male,164
47,Kilian,Writtle,kwrittle1a@topsy.com,Male,198
48,Dewey,Binnall,dbinnall1b@fema.gov,Male,193
49,Petey,Pimbley,ppimbley1c@delicious.com,Male,162
50,Farley,Caccavari,fcaccavari1d@symantec.com,Male,153
51,Perren,Pickston,ppickston1e@miibeian.gov.cn,Male,160
52,Cos,Larchier,clarchier1f@bloomberg.com,Male,184
53,Andres,Aiton,aaiton1g@canalblog.com,Male,180
54,Allyn,Balleine,aballeine1h@shinystat.com,Male,155
55,Ignatius,Napleton,inapleton1i@mysql.com,Male,193
56,Anatollo,Warr,awarr1j@issuu.com,Male,179
57,Sula,Farnon,sfarnon1k@tuttocitta.it,Female,165
58,Katinka,Exton,kexton1l@ustream.tv,Female,165
59,Zaccaria,Yurukhin,zyurukhin1m@salon.com,Male,198
60,Audy,Tredinnick,atredinnick1n@google.co.uk,Female,158
61,Walsh,Baelde,wbaelde1o@simplemachines.org,Male,158
62,Nye,Sheere,nsheere1p@theglobeandmail.com,Male,164
63,Conrado,Billitteri,cbillitteri1q@home.pl,Male,175
64,Jeanna,Gislebert,jgislebert1r@amazon.co.jp,Female,164
65,Ebony,Guillou,eguillou1s@theguardian.com,Female,185
66,Gard,Krysztowczyk,gkrysztowczyk1t@gravatar.com,Male,199
67,Valaria,Stout,vstout1u@ed.gov,Female,195
68,Wilmette,Clutterham,wclutterham1v@wikispaces.com,Female,172
69,Cyndi,Janko,cjanko1w@networkadvertising.org,Female,185
70,Bevon,Esilmon,besilmon1x@mac.com,Male,199
71,Jerry,Bozward,jbozward1y@reuters.com,Male,183
72,Lissi,Van der Kruis,lvanderkruis1z@comsenz.com,Female,165
73,Morly,Jaram,mjaram20@themeforest.net,Male,188
74,Enoch,Whenham,ewhenham21@goodreads.com,Male,181
75,Nikki,Reichelt,nreichelt22@indiegogo.com,Male,170
76,Frederique,Marielle,fmarielle23@reddit.com,Female,165
77,Rosamond,Holt,rholt24@webnode.com,Female,165
78,Bogey,Cremins,bcremins25@baidu.com,Male,177
79,Justus,Atack,jatack26@etsy.com,Male,192
80,Perry,Nutbean,pnutbean27@youtube.com,Male,175
81,Cori,Prinett,cprinett28@hugedomains.com,Male,174
82,Berna,O'Carran,bocarran29@de.vu,Female,150
83,Kipper,English,kenglish2a@mashable.com,Male,168
84,Joey,Kernes,jkernes2b@blinklist.com,Male,164
85,Norby,Angell,nangell2c@bizjournals.com,Male,187
86,Drucy,Mulberry,dmulberry2d@com.com,Female,165
87,Goddard,Malsher,gmalsher2e@dropbox.com,Male,189
88,Mireielle,Matuszynski,mmatuszynski2f@foxnews.com,Female,154
89,Georgy,Poon,gpoon2g@lycos.com,Male,182
90,Ezechiel,McLay,emclay2h@hatena.ne.jp,Male,167
91,Zedekiah,Donnison,zdonnison2i@wp.com,Male,220
92,Meggy,Atling,matling2j@ocn.ne.jp,Female,156
93,Yorgo,Cardwell,ycardwell2k@abc.net.au,Male,178
